{
    "name": "root",
    "gauges": {
        "connect_4_ai.Policy.Entropy.mean": {
            "value": 0.051653292030096054,
            "min": 0.036675773561000824,
            "max": 0.07483839988708496,
            "count": 1090
        },
        "connect_4_ai.Policy.Entropy.sum": {
            "value": 517.359375,
            "min": 121.0513916015625,
            "max": 749.5814208984375,
            "count": 1090
        },
        "connect_4_ai.Environment.EpisodeLength.mean": {
            "value": 3.844294003868472,
            "min": 3.768496420047733,
            "max": 3.9850299401197606,
            "count": 1090
        },
        "connect_4_ai.Environment.EpisodeLength.sum": {
            "value": 7950.0,
            "min": 1589.0,
            "max": 8001.0,
            "count": 1090
        },
        "connect_4_ai.Step.mean": {
            "value": 26009998.0,
            "min": 15119996.0,
            "max": 26009998.0,
            "count": 1090
        },
        "connect_4_ai.Step.sum": {
            "value": 26009998.0,
            "min": 15119996.0,
            "max": 26009998.0,
            "count": 1090
        },
        "connect_4_ai.Policy.ExtrinsicValueEstimate.mean": {
            "value": 0.7860932946205139,
            "min": 0.7486652135848999,
            "max": 0.7980327606201172,
            "count": 1090
        },
        "connect_4_ai.Policy.ExtrinsicValueEstimate.sum": {
            "value": 1622.49658203125,
            "min": 303.95806884765625,
            "max": 1666.690185546875,
            "count": 1090
        },
        "connect_4_ai.Environment.CumulativeReward.mean": {
            "value": 0.9718992248062015,
            "min": 0.9349198640116562,
            "max": 0.9776699029126213,
            "count": 1090
        },
        "connect_4_ai.Environment.CumulativeReward.sum": {
            "value": 2006.0,
            "min": 380.0,
            "max": 2043.0,
            "count": 1090
        },
        "connect_4_ai.Policy.ExtrinsicReward.mean": {
            "value": 0.9718992248062015,
            "min": 0.9349198640116562,
            "max": 0.9776699029126213,
            "count": 1090
        },
        "connect_4_ai.Policy.ExtrinsicReward.sum": {
            "value": 2006.0,
            "min": 380.0,
            "max": 2043.0,
            "count": 1090
        },
        "connect_4_ai.Losses.PolicyLoss.mean": {
            "value": 0.06677035354465867,
            "min": 0.056782884135221444,
            "max": 0.07874814824511608,
            "count": 1090
        },
        "connect_4_ai.Losses.PolicyLoss.sum": {
            "value": 0.5341628283572694,
            "min": 0.07583630535130699,
            "max": 0.6299851859609287,
            "count": 1090
        },
        "connect_4_ai.Losses.ValueLoss.mean": {
            "value": 0.05458396212585891,
            "min": 0.03975297838139037,
            "max": 0.12730964918931326,
            "count": 1090
        },
        "connect_4_ai.Losses.ValueLoss.sum": {
            "value": 0.4366716970068713,
            "min": 0.12730964918931326,
            "max": 0.6894202512688935,
            "count": 1090
        },
        "connect_4_ai.Policy.LearningRate.mean": {
            "value": 5.999999999999999e-05,
            "min": 5.999999999999999e-05,
            "max": 5.999999999999999e-05,
            "count": 1090
        },
        "connect_4_ai.Policy.LearningRate.sum": {
            "value": 0.0004799999999999999,
            "min": 5.999999999999999e-05,
            "max": 0.0004799999999999999,
            "count": 1090
        },
        "connect_4_ai.Policy.Epsilon.mean": {
            "value": 0.15000000000000002,
            "min": 0.15000000000000002,
            "max": 0.15000000000000005,
            "count": 1090
        },
        "connect_4_ai.Policy.Epsilon.sum": {
            "value": 1.2000000000000002,
            "min": 0.15000000000000002,
            "max": 1.2000000000000002,
            "count": 1090
        },
        "connect_4_ai.Policy.Beta.mean": {
            "value": 0.010000000000000002,
            "min": 0.01,
            "max": 0.010000000000000002,
            "count": 1090
        },
        "connect_4_ai.Policy.Beta.sum": {
            "value": 0.08000000000000002,
            "min": 0.010000000000000002,
            "max": 0.08000000000000002,
            "count": 1090
        },
        "connect_4_ai.IsTraining.mean": {
            "value": 1.0,
            "min": 1.0,
            "max": 1.0,
            "count": 1090
        },
        "connect_4_ai.IsTraining.sum": {
            "value": 1.0,
            "min": 1.0,
            "max": 1.0,
            "count": 1090
        }
    },
    "metadata": {
        "timer_format_version": "0.1.0",
        "start_time_seconds": "1694227525",
        "python_version": "3.8.0 (tags/v3.8.0:fa919fd, Oct 14 2019, 19:37:50) [MSC v.1916 64 bit (AMD64)]",
        "command_line_arguments": "D:\\Stuff\\Unity\\Connect_Four_AI_2.0\\.venv\\Scripts\\mlagents-learn training_config_no_self-play.yaml --run-id=test6.2 --resume --torch-device=cuda:0",
        "mlagents_version": "0.29.0",
        "mlagents_envs_version": "0.29.0",
        "communication_protocol_version": "1.5.0",
        "pytorch_version": "2.0.1+cu118",
        "numpy_version": "1.21.2",
        "end_time_seconds": "1694252834"
    },
    "total": 25309.0630255,
    "count": 1,
    "self": 0.010054399997898145,
    "children": {
        "run_training.setup": {
            "total": 0.1116788999999998,
            "count": 1,
            "self": 0.1116788999999998
        },
        "TrainerController.start_learning": {
            "total": 25308.9412922,
            "count": 1,
            "self": 16.910746300378378,
            "children": {
                "TrainerController._reset_env": {
                    "total": 8.319654199999999,
                    "count": 1,
                    "self": 8.319654199999999
                },
                "TrainerController.advance": {
                    "total": 25283.212889399623,
                    "count": 681049,
                    "self": 15.085998600010498,
                    "children": {
                        "env_step": {
                            "total": 14565.2631964993,
                            "count": 681049,
                            "self": 12667.288039098663,
                            "children": {
                                "SubprocessEnvManager._take_step": {
                                    "total": 1889.3563863000527,
                                    "count": 681049,
                                    "self": 40.07092480070855,
                                    "children": {
                                        "TorchPolicy.evaluate": {
                                            "total": 1849.2854614993441,
                                            "count": 681049,
                                            "self": 763.1381492996527,
                                            "children": {
                                                "TorchPolicy.sample_actions": {
                                                    "total": 1086.1473121996914,
                                                    "count": 681049,
                                                    "self": 1086.1473121996914
                                                }
                                            }
                                        }
                                    }
                                },
                                "workers": {
                                    "total": 8.618771100584159,
                                    "count": 681048,
                                    "self": 0.0,
                                    "children": {
                                        "worker_root": {
                                            "total": 25281.588797099575,