{"count":1,"self":1306.7972608,"total":27699.272782,"children":{"InitializeActuators":{"count":16,"self":0.0035096999999999997,"total":0.0035096999999999997,"children":null},"InitializeSensors":{"count":16,"self":0.0010014,"total":0.0010014,"children":null},"AgentSendState":{"count":734267,"self":43.791734399999996,"total":649.1292979,"children":{"CollectObservations":{"count":11748272,"self":407.0963456,"total":407.0963458,"children":null},"WriteActionMask":{"count":11748272,"self":8.1332416,"total":8.1332418,"children":null},"RequestDecision":{"count":11748272,"self":57.5255808,"total":190.1079754,"children":{"AgentInfo.ToProto":{"count":11748272,"self":34.4217216,"total":132.5823954,"children":{"GenerateSensorData":{"count":11748272,"self":98.1606784,"total":98.1606754,"children":null}}}}}}},"DecideAction":{"count":734267,"self":17161.5895552,"total":17161.588771299997,"children":null},"AgentAct":{"count":734267,"self":8537.0167296,"total":8581.750790099999,"children":{"AgentInfo.ToProto":{"count":2333962,"self":13.715305599999999,"total":44.7337602,"children":{"GenerateSensorData":{"count":2333962,"self":31.0184544,"total":31.0184547,"children":null}}}}}},"gauges":{"connect_4_ai.CumulativeReward":{"count":2333962,"max":1,"min":-1,"runningAverage":0.9309002,"value":1,"weightedAverage":0.62499994}},"metadata":{"timer_format_version":"0.1.0","start_time_seconds":"1693628511","unity_version":"2022.3.4f1","command_line_arguments":"D:\\Stuff\\Unity Hub\\2022.3.4f1\\Editor\\Unity.exe -projectpath D:\\Stuff\\Unity\\Connect_Four_AI_2.0 -useHub -hubIPC -cloudEnvironment production -licensingIpc LicenseClient-Home -hubSessionId bb2bad4d-8285-4d16-b1ee-07aa637995c1","communication_protocol_version":"1.5.0","com.unity.ml-agents_version":"2.0.1","scene_name":"SampleScene","end_time_seconds":"1693656210"}}