{"count":1,"self":3118.2219264,"total":30858.593089299997,"children":{"InitializeActuators":{"count":16,"self":0.0014579,"total":0.0014579,"children":null},"InitializeSensors":{"count":16,"self":0.0020017999999999998,"total":0.0020017999999999998,"children":null},"AgentSendState":{"count":9872334,"self":74.588799999999992,"total":915.79983559999994,"children":{"CollectObservations":{"count":16612946,"self":565.3822976,"total":565.38231,"children":null},"WriteActionMask":{"count":16612946,"self":13.4725872,"total":13.4725866,"children":null},"RequestDecision":{"count":16612946,"self":79.5067584,"total":262.356138,"children":{"AgentInfo.ToProto":{"count":16612946,"self":46.417519999999996,"total":182.8493777,"children":{"GenerateSensorData":{"count":16612946,"self":136.4318592,"total":136.4318576,"children":null}}}}}}},"DecideAction":{"count":9872334,"self":17399.6949504,"total":17399.694943,"children":null},"AgentAct":{"count":9872334,"self":9384.2333695999987,"total":9424.8718322,"children":{"AgentInfo.ToProto":{"count":2364585,"self":12.3276296,"total":40.6383045,"children":{"GenerateSensorData":{"count":2364585,"self":28.3106752,"total":28.310675099999997,"children":null}}}}}},"gauges":{"connect_4_ai.CumulativeReward":{"count":2364585,"max":8.5,"min":-1,"runningAverage":0.9894978,"value":4.29999828,"weightedAverage":1.9166739}},"metadata":{"timer_format_version":"0.1.0","start_time_seconds":"1700276721","unity_version":"2022.3.4f1","command_line_arguments":"D:\\Stuff\\Unity Hub\\2022.3.4f1\\Editor\\Unity.exe -projectpath D:\\Stuff\\Unity\\Connect_Four_AI_2.0 -useHub -hubIPC -cloudEnvironment production -licensingIpc LicenseClient-Home -hubSessionId f4bd1dcc-8356-4072-995b-d2e51389000e","communication_protocol_version":"1.5.0","com.unity.ml-agents_version":"2.0.1","scene_name":"TrainingEnv","end_time_seconds":"1700307580"}}