{"count":1,"self":1937.3228032,"total":40676.6461127,"children":{"InitializeActuators":{"count":16,"self":0.0020003,"total":0.0020003,"children":null},"InitializeSensors":{"count":16,"self":0.0015722,"total":0.0015722,"children":null},"AgentSendState":{"count":1905451,"self":117.7542144,"total":1802.9094395,"children":{"CollectObservations":{"count":30487216,"self":1170.442752,"total":1170.4427338,"children":null},"WriteActionMask":{"count":30487216,"self":23.8557392,"total":23.8557399,"children":null},"RequestDecision":{"count":30487216,"self":142.8766976,"total":490.8567453,"children":{"AgentInfo.ToProto":{"count":30487216,"self":83.081375999999992,"total":347.98004249999997,"children":{"GenerateSensorData":{"count":30487216,"self":264.8986624,"total":264.8986634,"children":null}}}}}}},"DecideAction":{"count":1905451,"self":23064.0205824,"total":23064.020833799997,"children":null},"AgentAct":{"count":1905451,"self":13844.665139199999,"total":13872.3883754,"children":{"AgentInfo.ToProto":{"count":1457472,"self":8.3861528,"total":27.7228638,"children":{"GenerateSensorData":{"count":1457472,"self":19.336710399999998,"total":19.336710999999998,"children":null}}}}}},"gauges":{"connect_4_ai.CumulativeReward":{"count":1457472,"max":10.7000084,"min":-1,"runningAverage":2.34593725,"value":1,"weightedAverage":1.05133069}},"metadata":{"timer_format_version":"0.1.0","start_time_seconds":"1700406787","unity_version":"2022.3.4f1","command_line_arguments":"D:\\Stuff\\Unity Hub\\2022.3.4f1\\Editor\\Unity.exe -projectpath D:\\Stuff\\Unity\\Connect_Four_AI_2.0 -useHub -hubIPC -cloudEnvironment production -licensingIpc LicenseClient-Home -hubSessionId ac0b5e14-c94a-4927-969e-b149ed8b26f6","communication_protocol_version":"1.5.0","com.unity.ml-agents_version":"2.0.1","scene_name":"TrainingEnv","end_time_seconds":"1700447463"}}